bank_id,date,description,ref_number,credit,debit
BNK00378,2026-06-30,NEFT CR Copeland Group,TXN100368,38172.92,0.0
BNK00237,2026-08-19,NEFT CR Thompson PLC,TXN100229,20335.02,0.0
BNK00123,2026-07-20,"NEFT CR Washington, Allen an",TXN100121,15184.24,0.0
BNK00057,2026-08-01,NEFT CR Martin Inc,TXN100056,43993.95,0.0
BNK00452,2026-07-29,NEFT CR Diaz-Morales,TXN100441,9193.53,0.0
BNK00100,2026-08-08,"NEFT CR Joyce, Wilson and La",TXN100099,13207.81,0.0
BNK00443,2026-06-28,NEFT CR Dougherty-Lin,TXN100433,4107.64,0.0
BNK00478,2026-07-05,"NEFT CR Rhodes, James and Ba",TXN100465,16950.04,0.0
BNK00207,2026-08-11,"NEFT CR Ramos, Williams and ",TXN100203,41486.54,0.0
BNK00139,2026-07-30,NEFT CR Walton-Decker,TXN100137,9740.72,0.0
BNK00392,2026-07-18,NEFT CR Mullins and Sons,TXN100382,46471.88,0.0
BNK00424,2026-08-13,NEFT CR Anderson-Calderon,TXN100414,16444.19,0.0
BNK00477,2026-07-27,"NEFT CR Peck, Pope and Hill",TXN100464,1372.47,0.0
BNK00003,2026-08-15,NEFT CR Garza Inc,TXN100002,33036.97,0.0
BNK00213,2026-08-11,"NEFT CR Carter, Thornton and",TXN100209,21513.18,0.0
BNK00319,2026-08-06,NEFT CR Anderson PLC,TXN100310,12904.66,0.0
BNK00202,2026-07-26,NEFT CR Steele-Roberts,TXN100199,21476.87,0.0
BNK00055,2026-06-25,NEFT CR House and Sons,TXN100054,33743.69,0.0
BNK00209,2026-07-05,NEFT CR Dudley PLC,TXN100205,27973.09,0.0
BNK00268,2026-08-06,"NEFT CR Garcia, Burns and Ru",TXN100260,42030.26,0.0
BNK00494,2026-08-15,"NEFT CR Snyder, Mays and Ros",TXN100481,7198.93,0.0
BNK00482,2026-07-20,"NEFT CR Horton, Taylor and G",TXN100469,2317.17,0.0
BNK00316,2026-07-17,NEFT CR Joyce-Brown,TXN100307,8748.11,0.0
BNK00304,2026-08-17,NEFT CR Lynch Ltd,TXN100295,16812.23,0.0
BNK00408,2026-07-01,"NEFT CR Taylor, Richardson a",TXN100398,45108.84,0.0
BNK00507,2026-07-08,NEFT CR Adkins-Obrien,TXN100493,23128.85,0.0
BNK00112,2026-07-28,NEFT CR Cardenas and Sons,TXN100110,21378.29,0.0
BNK00299,2026-07-05,NEFT CR Gomez-Ortega,TXN100290,6552.85,0.0
BNK00437,2026-08-02,NEFT CR Chavez-Barker,TXN100427,16652.54,0.0
BNK00508,2026-08-03,"NEFT CR Dunn, Ruiz and Medin",TXN100494,1411.52,0.0
BNK00385,2026-06-30,NEFT CR Allen-Sandoval,TXN100375,26145.59,0.0
BNK00463,2026-07-28,"NEFT CR Rodriguez, Butler an",TXN100450,25783.12,0.0
BNK00105,2026-07-23,"NEFT CR Parker, Ortiz and Po",TXN100104,31020.35,0.0
BNK00125,2026-08-15,NEFT CR Taylor and Sons,TXN100123,16281.69,0.0
BNK00467,2026-07-17,NEFT CR Armstrong Ltd,TXN100454,27493.2,0.0
BNK00244,2026-08-03,NEFT CR Rodriguez-James,TXN100236,48451.89,0.0
BNK00227,2026-08-15,NEFT CR Bowen Group,TXN100220,29684.55,0.0
BNK00340,2026-06-30,NEFT CR Garcia-Nolan,TXN100332,41946.38,0.0
BNK00004,2026-06-26,NEFT CR Robinson PLC,TXN100003,29192.02,0.0
BNK00015,2026-07-09,NEFT CR Kelly-Santiago,TXN100014,30249.56,0.0
BNK00136,2026-08-17,"NEFT CR Johnson, Day and Tay",TXN100134,32698.58,0.0
BNK00254,2026-07-29,"NEFT CR Shaw, Nelson and Mar",TXN100246,44218.13,0.0
BNK00311,2026-06-29,NEFT CR Moore PLC,TXN100302,34675.12,0.0
BNK00372,2026-07-26,NEFT CR Taylor LLC,TXN100362,17740.63,0.0
BNK00060,2026-08-16,"NEFT CR Higgins, Moore and P",TXN100059,3913.21,0.0
BNK00436,2026-07-22,"NEFT CR Frye, Webb and Balla",TXN100426,42435.78,0.0
BNK00102,2026-08-13,"NEFT CR Mcdaniel, Bentley an",TXN100101,35297.67,0.0
BNK00138,2026-07-25,NEFT CR Gibson LLC,TXN100136,19986.17,0.0
BNK00281,2026-08-20,NEFT CR Smith-Baker,TXN100272,27313.12,0.0
BNK00097,2026-08-15,NEFT CR Crosby-Wilson,TXN100095,43052.69,0.0
BNK00076,2026-07-23,"NEFT CR Garcia, Humphrey and",TXN100074,8527.8,0.0
BNK00276,2026-07-17,NEFT CR Gallegos PLC,TXN100267,10970.63,0.0
BNK00027,2026-08-03,"NEFT CR Brown, James and Fer",TXN100025,39444.57,0.0
BNK00201,2026-07-26,NEFT CR Santiago-Hodge,TXN100198,14609.12,0.0
BNK00363,2026-08-11,"NEFT CR Barnes, Martin and G",TXN100353,4936.06,0.0
BNK00397,2026-08-13,NEFT CR Owen-Acosta,TXN100387,6407.17,0.0
BNK00275,2026-07-17,NEFT CR Buchanan and Sons,TXN100267,11000.62,0.0
BNK00126,2026-07-31,"NEFT CR Hernandez, Lewis and",TXN100124,17457.73,0.0
BNK00375,2026-07-08,"NEFT CR Bentley, Lynch and H",TXN100365,36538.03,0.0
BNK00031,2026-06-24,"NEFT CR Liu, Baker and Mason",TXN100029,13331.04,0.0
BNK00111,2026-08-21,"NEFT CR Jackson, Miller and ",TXN100109,27849.99,0.0
BNK00106,2026-07-22,"NEFT CR Martinez, Fisher and",TXN100105,657.41,0.0
BNK00046,2026-08-10,NEFT CR Ryan Ltd,TXN100045,37323.94,0.0
BNK00193,2026-08-20,"NEFT CR Holloway, Morse and ",TXN100190,46943.03,0.0
BNK00297,2026-08-04,NEFT CR Garner LLC,TXN100288,19110.2,0.0
BNK00366,2026-08-22,NEFT CR Mitchell and Sons,TXN100356,29525.96,0.0
BNK00092,2026-07-31,NEFT CR Garrison and Sons,TXN100090,33031.84,0.0
BNK00502,2026-07-26,NEFT CR Aguilar-Berry,TXN100488,24830.14,0.0
BNK00390,2026-07-13,NEFT CR Stewart LLC,TXN100380,19704.71,0.0
BNK00402,2026-07-28,"NEFT CR Bolton, Hill and Whi",TXN100392,18195.15,0.0
BNK00325,2026-08-05,NEFT CR Sanchez PLC,TXN100316,17881.35,0.0
BNK00307,2026-07-07,"NEFT CR Sandoval, Jones and ",TXN100298,30638.4,0.0
BNK00020,2026-07-19,NEFT CR Clark PLC,TXN100019,8364.17,0.0
BNK00380,2026-07-07,NEFT CR Patterson-Mendez,TXN100370,21190.69,0.0
BNK00361,2026-08-08,NEFT CR Richardson PLC,TXN100351,43991.66,0.0
BNK00321,2026-08-01,"NEFT CR Williams, Smith and ",TXN100312,45901.02,0.0
BNK00442,2026-07-05,NEFT CR Cole-Thomas,TXN100432,8910.94,0.0
BNK00290,2026-08-14,NEFT CR Chavez-Jacobs,TXN100281,40925.36,0.0
BNK00005,2026-06-26,"NEFT CR Gonzalez, Santos and",TXN100004,11054.65,0.0
BNK00509,2026-07-15,NEFT CR Becker PLC,TXN100495,26938.72,0.0
BNK00114,2026-06-26,NEFT CR Sanchez Group,TXN100112,32780.15,0.0
BNK00173,2026-07-11,NEFT CR Smith-Ferguson,TXN100171,26426.23,0.0
BNK00497,2026-07-28,NEFT CR Bradley-Todd,TXN100484,14220.44,0.0
BNK00267,2026-08-15,NEFT CR Matthews-Barber,TXN100259,46234.4,0.0
BNK00195,2026-08-15,NEFT CR Kim-George,TXN100192,45341.41,0.0
BNK00026,2026-08-18,NEFT CR Hernandez and Sons,TXN100024,41179.23,0.0
BNK00333,2026-07-25,"NEFT CR Stewart, Gonzales an",TXN100325,28420.01,0.0
BNK00394,2026-07-26,NEFT CR Martinez-Richardson,TXN100384,21298.43,0.0
BNK00317,2026-07-13,NEFT CR Dougherty-Saunders,TXN100308,33506.27,0.0
BNK00465,2026-08-19,"NEFT CR Perez, Williams and ",TXN100452,33480.7,0.0
BNK00048,2026-07-12,NEFT CR Davis Group,TXN100047,1422.14,0.0
BNK00512,2026-08-12,NEFT CR Armstrong and Sons,TXN100498,31323.33,0.0
BNK00146,2026-07-29,NEFT CR Obrien Ltd,TXN100144,32416.12,0.0
BNK00365,2026-08-16,NEFT CR Dawson PLC,TXN100356,10364.69,0.0
BNK00296,2026-06-30,NEFT CR Decker Inc,TXN100287,36390.66,0.0
BNK00456,2026-07-14,NEFT CR Norton-Morgan,TXN100443,47734.46,0.0
BNK00179,2026-08-10,NEFT CR Ray Ltd,TXN100177,29038.12,0.0
BNK00080,2026-06-28,NEFT CR Walters LLC,TXN100078,48566.01,0.0
BNK00036,2026-07-23,NEFT CR Brown PLC,TXN100035,21002.15,0.0
BNK00420,2026-08-16,NEFT CR Salazar Inc,TXN100410,23959.55,0.0
BNK00285,2026-08-13,NEFT CR Ellis-Maynard,TXN100276,22662.42,0.0
BNK00251,2026-08-05,NEFT CR Riley Ltd,TXN100243,3773.54,0.0
BNK00242,2026-08-20,NEFT CR Fowler-Coleman,TXN100234,11392.96,0.0
BNK00050,2026-06-29,"NEFT CR Valdez, Lucas and Br",TXN100049,46487.6,0.0
BNK00010,2026-07-27,"NEFT CR Baker, Williams and ",TXN100009,10860.01,0.0
BNK00370,2026-08-01,"NEFT CR Brooks, Hughes and M",TXN100360,26501.84,0.0
BNK00451,2026-08-04,NEFT CR Khan Ltd,TXN100440,15499.78,0.0
BNK00457,2026-08-01,NEFT CR Gonzalez PLC,TXN100444,36402.39,0.0
BNK00203,2026-08-01,"NEFT CR Johnson, Miller and ",TXN100200,34700.73,0.0
BNK00345,2026-06-30,NEFT CR Davis-Gregory,TXN100337,46151.61,0.0
BNK00131,2026-08-03,"NEFT CR Adkins, Payne and Mo",TXN100129,6048.23,0.0
BNK00007,2026-06-27,NEFT CR Wolfe LLC,TXN100006,26916.84,0.0
BNK00433,2026-07-26,"NEFT CR Williams, Shields an",TXN100423,40495.03,0.0
BNK00369,2026-08-06,NEFT CR Arias-Perry,TXN100359,42156.76,0.0
BNK00233,2026-07-03,"NEFT CR Padilla, Garcia and ",TXN100226,31221.92,0.0
BNK00052,2026-08-15,NEFT CR Taylor-White,TXN100051,37670.77,0.0
BNK00422,2026-08-09,"NEFT CR Jenkins, Ortiz and A",TXN100412,861.8,0.0
BNK00047,2026-08-18,"NEFT CR Kennedy, Mueller and",TXN100046,44826.98,0.0
BNK00431,2026-08-14,NEFT CR Shaw and Sons,TXN100421,6089.79,0.0
BNK00172,2026-07-03,NEFT CR Phillips LLC,TXN100170,18209.56,0.0
BNK00184,2026-08-20,NEFT CR Torres-Oliver,TXN100182,6387.51,0.0
BNK00353,2026-07-17,NEFT CR Meza-Tucker,TXN100345,46263.36,0.0
BNK00320,2026-07-16,"NEFT CR Hansen, Barnett and ",TXN100311,33375.75,0.0
BNK00469,2026-08-03,NEFT CR Gutierrez and Sons,TXN100456,42781.36,0.0
BNK00109,2026-07-25,NEFT CR Ramos-Lowe,TXN100108,5863.56,0.0
BNK00002,2026-07-15,NEFT CR Doyle Ltd,TXN100001,12377.96,0.0
BNK00289,2026-07-20,"NEFT CR Schultz, Kelley and ",TXN100280,40252.2,0.0
BNK00450,2026-08-08,NEFT CR Herrera-Boone,TXN100439,29124.6,0.0
BNK00350,2026-07-24,"NEFT CR Bennett, Conner and ",TXN100342,2694.89,0.0
BNK00127,2026-07-26,"NEFT CR Owens, Brown and Wal",TXN100125,47887.96,0.0
BNK00245,2026-07-28,"NEFT CR Phillips, Lyons and ",TXN100237,29865.85,0.0
BNK00247,2026-06-28,"NEFT CR Mcgee, Wall and Leac",TXN100239,8110.9,0.0
BNK00234,2026-07-25,NEFT CR Williams Inc,TXN100227,42630.13,0.0
BNK00091,2026-07-18,NEFT CR Moore-Haynes,TXN100089,15717.66,0.0
BNK00056,2026-07-10,NEFT CR Tucker-Lewis,TXN100055,48497.55,0.0
BNK00166,2026-07-24,"NEFT CR Perkins, Kennedy and",TXN100164,43871.05,0.0
BNK00118,2026-07-11,"NEFT CR Holmes, Williams and",TXN100116,38343.21,0.0
BNK00454,2026-07-31,"NEFT CR Cole, Pierce and Bry",TXN100442,42077.51,0.0
BNK00101,2026-07-12,NEFT CR Williams-Graham,TXN100100,8022.38,0.0
BNK00409,2026-07-21,NEFT CR Horne Inc,TXN100399,42496.14,0.0
BNK00006,2026-07-15,NEFT CR Lawrence-Pacheco,TXN100005,27542.09,0.0
BNK00411,2026-07-05,NEFT CR Hampton-Padilla,TXN100401,4921.2,0.0
BNK00295,2026-07-30,NEFT CR Mcdaniel Group,TXN100286,41905.98,0.0
BNK00413,2026-07-08,NEFT CR Farrell Group,TXN100403,15583.2,0.0
BNK00196,2026-08-04,"NEFT CR Morris, Wright and D",TXN100193,18850.58,0.0
BNK00446,2026-07-12,NEFT CR Jimenez PLC,TXN100435,45119.05,0.0
BNK00486,2026-07-07,NEFT CR Oconnell and Sons,TXN100473,2604.2,0.0
BNK00153,2026-06-30,"NEFT CR Holland, Smith and F",TXN100151,32389.06,0.0
BNK00049,2026-07-28,NEFT CR Jenkins-Shields,TXN100048,12099.13,0.0
BNK00480,2026-07-01,NEFT CR Bradshaw-Douglas,TXN100467,14732.89,0.0
BNK00274,2026-08-20,NEFT CR Williams LLC,TXN100266,17917.94,0.0
BNK00084,2026-07-08,"NEFT CR Johnson, Wood and Tr",TXN100082,28721.57,0.0
BNK00262,2026-08-17,NEFT CR Herman-Walker,TXN100254,41615.07,0.0
BNK00323,2026-07-22,NEFT CR Sullivan LLC,TXN100314,22621.86,0.0
BNK00108,2026-07-23,NEFT CR Clark-Floyd,TXN100107,27175.64,0.0
BNK00099,2026-06-27,NEFT CR Carlson LLC,TXN100097,26000.0,0.0
BNK00206,2026-08-07,NEFT CR Brown-Stone,TXN100202,40352.29,0.0
BNK00013,2026-07-22,NEFT CR Wyatt Inc,TXN100012,22795.93,0.0
BNK00429,2026-07-21,NEFT CR King Ltd,TXN100419,42116.93,0.0
BNK00362,2026-08-05,NEFT CR Hammond-Strickland,TXN100352,18917.42,0.0
BNK00259,2026-07-19,"NEFT CR Martinez, Richardson",TXN100251,26606.49,0.0
BNK00116,2026-07-12,"NEFT CR Horton, Snyder and S",TXN100114,35902.51,0.0
BNK00462,2026-08-17,NEFT CR Wells-Smith,TXN100449,12471.47,0.0
BNK00032,2026-07-11,"NEFT CR Gaines, Harrell and ",TXN100030,26458.73,0.0
BNK00120,2026-08-14,"NEFT CR Larson, Dodson and V",TXN100118,8162.62,0.0
BNK00062,2026-06-29,NEFT CR Silva PLC,TXN100060,1868.5,0.0
BNK00175,2026-07-22,"NEFT CR Raymond, Little and ",TXN100173,21675.61,0.0
BNK00028,2026-08-14,NEFT CR Maddox-Valencia,TXN100026,10628.19,0.0
BNK00144,2026-07-08,NEFT CR Martinez Ltd,TXN100142,21934.21,0.0
BNK00132,2026-07-15,NEFT CR Robinson-Graham,TXN100130,12767.1,0.0
BNK00095,2026-08-01,NEFT CR Ramirez-Jones,TXN100093,4043.0,0.0
BNK00391,2026-08-13,NEFT CR Hays-Daniels,TXN100381,21072.34,0.0
BNK00292,2026-08-16,"NEFT CR Glenn, Jordan and Be",TXN100283,23945.68,0.0
BNK00250,2026-07-07,"NEFT CR Davis, Burton and Wi",TXN100242,14450.67,0.0
BNK00359,2026-07-17,NEFT CR Bishop-Goodwin,TXN100350,2654.16,0.0
BNK00466,2026-08-13,"NEFT CR Griffith, Hampton an",TXN100453,31940.33,0.0
BNK00037,2026-07-01,NEFT CR Dennis Inc,TXN100036,29299.87,0.0
BNK00257,2026-07-15,"NEFT CR Ramsey, Whitney and ",TXN100249,21721.5,0.0
BNK00088,2026-08-02,"NEFT CR Brady, Frost and You",TXN100086,10953.84,0.0
BNK00464,2026-06-26,"NEFT CR Wells, Coffey and Pa",TXN100451,44914.76,0.0
BNK00119,2026-07-05,NEFT CR Anderson-Marshall,TXN100117,42091.3,0.0
BNK00194,2026-08-08,"NEFT CR Torres, Powell and N",TXN100191,47338.04,0.0
BNK00301,2026-07-04,"NEFT CR Romero, Moore and Ol",TXN100292,5281.11,0.0
BNK00113,2026-07-24,NEFT CR Drake and Sons,TXN100111,44088.78,0.0
BNK00387,2026-08-16,NEFT CR Li-Thompson,TXN100377,41629.14,0.0
BNK00358,2026-07-10,"NEFT CR Kim, Jenkins and Rho",TXN100349,22051.26,0.0
BNK00485,2026-07-03,NEFT CR Rivera-Kennedy,TXN100472,39750.76,0.0
BNK00425,2026-08-16,"NEFT CR Matthews, Saunders a",TXN100415,21397.99,0.0
BNK00117,2026-06-27,NEFT CR Osborne and Sons,TXN100115,43336.09,0.0
BNK00077,2026-07-04,"NEFT CR Tran, Nelson and Jac",TXN100075,42072.68,0.0
BNK00438,2026-07-09,NEFT CR Perry-Marshall,TXN100428,31081.58,0.0
BNK00176,2026-07-03,NEFT CR Andrews Group,TXN100174,32697.82,0.0
BNK00503,2026-07-19,"NEFT CR Ward, Young and Cont",TXN100489,18714.52,0.0
BNK00472,2026-08-09,"NEFT CR Bennett, Frye and St",TXN100459,6703.7,0.0
BNK00441,2026-08-17,NEFT CR Flores Group,TXN100431,11958.38,0.0
BNK00379,2026-08-20,"NEFT CR Smith, Robertson and",TXN100369,14269.78,0.0
BNK00075,2026-08-14,NEFT CR Contreras PLC,TXN100073,47077.69,0.0
BNK00415,2026-07-25,"NEFT CR Reed, Brown and Dani",TXN100405,37152.51,0.0
BNK00236,2026-08-14,NEFT CR Knight-Sparks,TXN100229,12635.46,0.0
BNK00329,2026-07-10,NEFT CR Garcia LLC,TXN100320,38105.04,0.0
BNK00215,2026-08-16,NEFT CR Reyes PLC,TXN100210,46541.69,0.0
BNK00305,2026-07-19,NEFT CR White Ltd,TXN100296,4379.04,0.0
BNK00428,2026-07-15,NEFT CR Meza-Stone,TXN100418,2547.47,0.0
BNK00107,2026-07-10,"NEFT CR Carroll, Sullivan an",TXN100106,48039.27,0.0
BNK00371,2026-07-15,NEFT CR Flores Inc,TXN100361,32624.21,0.0
BNK00346,2026-07-21,NEFT CR Cummings-Douglas,TXN100338,23241.89,0.0
BNK00468,2026-07-04,NEFT CR Smith LLC,TXN100455,35400.44,0.0
BNK00167,2026-08-04,"NEFT CR Pierce, Bell and Cha",TXN100165,19080.71,0.0
BNK00068,2026-07-24,NEFT CR Baker and Sons,TXN100066,17630.96,0.0
BNK00148,2026-08-19,NEFT CR Hickman PLC,TXN100146,33115.46,0.0
BNK00407,2026-07-08,"NEFT CR Cole, Watson and Wal",TXN100397,1892.73,0.0
BNK00277,2026-07-14,"NEFT CR Robinson, Kane and M",TXN100268,26893.26,0.0
BNK00012,2026-07-29,"NEFT CR Lee, Jones and Stanl",TXN100011,29557.25,0.0
BNK00249,2026-07-18,"NEFT CR Campos, Saunders and",TXN100241,29261.8,0.0
BNK00008,2026-07-20,NEFT CR Lewis LLC,TXN100007,39845.66,0.0
BNK00212,2026-08-07,NEFT CR Holland and Sons,TXN100208,16859.54,0.0
BNK00487,2026-08-02,"NEFT CR Donovan, Johns and W",TXN100474,11976.53,0.0
BNK00145,2026-07-08,"NEFT CR Gould, Marshall and ",TXN100143,38634.96,0.0
BNK00216,2026-08-12,"NEFT CR Suarez, Shields and ",TXN100211,20118.18,0.0
BNK00087,2026-07-03,NEFT CR Deleon-Henson,TXN100085,19896.64,0.0
BNK00155,2026-08-07,"NEFT CR Hernandez, Thompson ",TXN100153,25660.76,0.0
BNK00287,2026-07-04,NEFT CR Joseph-Wallace,TXN100278,42362.42,0.0
BNK00160,2026-07-25,NEFT CR Freeman LLC,TXN100158,21009.54,0.0
BNK00169,2026-07-24,NEFT CR Newton Ltd,TXN100167,23128.87,0.0
BNK00318,2026-07-20,NEFT CR Murphy-Smith,TXN100309,7408.82,0.0
BNK00470,2026-08-02,"NEFT CR Hampton, Knapp and S",TXN100457,32397.77,0.0
BNK00300,2026-08-04,"NEFT CR Williams, Roberts an",TXN100291,42330.1,0.0
BNK00384,2026-07-31,NEFT CR King-Smith,TXN100374,34958.07,0.0
BNK00498,2026-07-11,"NEFT CR Chase, Prince and Wi",TXN100485,44431.84,0.0
BNK00389,2026-08-07,NEFT CR Carter Inc,TXN100379,43456.46,0.0
BNK00129,2026-08-18,NEFT CR Woods-Bender,TXN100127,27392.19,0.0
BNK00024,2026-08-01,NEFT CR Robinson-Bright,TXN100023,13465.68,0.0
BNK00453,2026-07-29,"NEFT CR Hoffman, Cox and Rob",TXN100441,9163.54,0.0
BNK00158,2026-07-02,NEFT CR Keith-Sanchez,TXN100156,29108.3,0.0
BNK00078,2026-07-27,NEFT CR Watts LLC,TXN100076,17897.75,0.0
BNK00349,2026-08-01,NEFT CR Larson Inc,TXN100341,15110.32,0.0
BNK00444,2026-07-06,NEFT CR Wright-Grimes,TXN100433,23465.68,0.0
BNK00335,2026-07-01,NEFT CR Murray-Johnson,TXN100327,9014.18,0.0
BNK00142,2026-07-15,"NEFT CR Jones, Bernard and W",TXN100140,15228.18,0.0
BNK00271,2026-07-03,"NEFT CR Richardson, Winters ",TXN100263,6070.84,0.0
BNK00051,2026-07-26,NEFT CR Wright and Sons,TXN100050,39697.42,0.0
BNK00334,2026-07-23,NEFT CR Vargas-Bell,TXN100326,44545.24,0.0
BNK00021,2026-07-24,NEFT CR Rios Group,TXN100020,13321.04,0.0
BNK00217,2026-08-03,NEFT CR Villa-Romero,TXN100212,33806.87,0.0
BNK00073,2026-07-17,NEFT CR Mitchell-Kim,TXN100071,9360.05,0.0
BNK00230,2026-08-14,NEFT CR Finley-Sims,TXN100223,9214.73,0.0
BNK00133,2026-06-26,NEFT CR Rogers-Shelton,TXN100131,25521.99,0.0
BNK00484,2026-08-14,NEFT CR Little Inc,TXN100471,9207.3,0.0
BNK00427,2026-07-08,NEFT CR Martin-Morris,TXN100417,39657.34,0.0
BNK00308,2026-06-27,NEFT CR Reese and Sons,TXN100299,42891.26,0.0
BNK00058,2026-07-31,NEFT CR House-Glover,TXN100057,11370.44,0.0
BNK00182,2026-08-17,NEFT CR Obrien-Gibbs,TXN100180,10740.54,0.0
BNK00286,2026-06-29,NEFT CR Boone-Simmons,TXN100277,45039.26,0.0
BNK00083,2026-08-04,"NEFT CR Smith, Jones and War",TXN100081,3442.13,0.0
BNK00042,2026-08-05,"NEFT CR Hayes, Wright and Br",TXN100041,42942.19,0.0
BNK00085,2026-08-05,NEFT CR Williams LLC,TXN100083,8052.12,0.0
BNK00156,2026-07-20,"NEFT CR Morton, Medina and W",TXN100154,45036.33,0.0
BNK00342,2026-08-07,NEFT CR Warren-Bishop,TXN100334,4858.88,0.0
BNK00414,2026-07-10,"NEFT CR Wallace, Miller and ",TXN100404,4619.16,0.0
BNK00029,2026-06-25,"NEFT CR Le, Maldonado and He",TXN100027,15667.67,0.0
BNK00258,2026-08-17,NEFT CR Davis-Foster,TXN100250,34124.05,0.0
BNK00222,2026-07-17,"NEFT CR Reyes, Chase and Jen",TXN100216,27137.98,0.0
BNK00302,2026-07-04,NEFT CR Bruce-Richardson,TXN100293,35443.73,0.0
BNK00447,2026-08-08,NEFT CR Koch-Jimenez,TXN100436,48271.98,0.0
BNK00066,2026-07-17,"NEFT CR Wheeler, Harvey and ",TXN100064,12236.69,0.0
BNK00473,2026-08-14,NEFT CR Payne-Lowe,TXN100460,15473.88,0.0
BNK00265,2026-07-23,NEFT CR Wilson-Young,TXN100257,31816.03,0.0
BNK00239,2026-07-16,NEFT CR Little-Stevens,TXN100231,7792.04,0.0
BNK00500,2026-07-07,NEFT CR Morris-Wright,TXN100486,11226.32,0.0
BNK00273,2026-08-07,NEFT CR Bates Ltd,TXN100265,22939.28,0.0
BNK00163,2026-08-02,NEFT CR Peters-Allen,TXN100161,13844.54,0.0
BNK00352,2026-08-12,NEFT CR Smith-Parker,TXN100344,7049.04,0.0
BNK00499,2026-07-16,"NEFT CR Murphy, Morales and ",TXN100485,47347.46,0.0
BNK00210,2026-07-17,"NEFT CR Moore, Pierce and Tr",TXN100206,1867.37,0.0
BNK00211,2026-07-03,NEFT CR Gay Inc,TXN100207,24094.57,0.0
BNK00493,2026-07-04,NEFT CR Mitchell-Hays,TXN100480,47008.95,0.0
BNK00449,2026-07-14,"NEFT CR Gomez, Williams and ",TXN100438,21913.0,0.0
BNK00423,2026-07-06,NEFT CR Day-Cole,TXN100413,37455.62,0.0
BNK00432,2026-08-20,"NEFT CR Moore, Hopkins and L",TXN100422,8747.57,0.0
BNK00303,2026-07-21,"NEFT CR Perez, Patterson and",TXN100294,47611.35,0.0
BNK00306,2026-07-23,NEFT CR Bell-White,TXN100297,42082.69,0.0
BNK00067,2026-08-19,"NEFT CR Mills, Donovan and H",TXN100065,9738.26,0.0
BNK00283,2026-08-06,NEFT CR Palmer-Rodriguez,TXN100274,14558.16,0.0
BNK00240,2026-06-24,NEFT CR Santana-Byrd,TXN100232,4619.16,0.0
BNK00401,2026-07-10,"NEFT CR Wallace, West and Ac",TXN100391,41513.58,0.0
BNK00488,2026-07-14,NEFT CR Morris-Brewer,TXN100475,36726.22,0.0
BNK00496,2026-07-09,"NEFT CR Stevens, Scott and L",TXN100483,34864.79,0.0
BNK00364,2026-07-18,NEFT CR Davidson LLC,TXN100355,12315.75,0.0
BNK00253,2026-08-03,NEFT CR Gonzalez PLC,TXN100245,6055.62,0.0
BNK00122,2026-07-09,"NEFT CR Hensley, Cole and Wa",TXN100120,10082.67,0.0
BNK00072,2026-07-19,NEFT CR Mahoney Inc,TXN100070,9687.35,0.0
BNK00313,2026-08-05,NEFT CR Nelson-Fischer,TXN100304,16252.53,0.0
BNK00356,2026-08-14,NEFT CR Stanley PLC,TXN100347,24166.03,0.0
BNK00115,2026-07-01,NEFT CR Perry-Soto,TXN100113,43268.93,0.0
BNK00261,2026-07-16,NEFT CR Johnson-Henson,TXN100253,29836.76,0.0
BNK00347,2026-07-08,NEFT CR Miller-Alvarado,TXN100339,16319.59,0.0
BNK00455,2026-07-05,NEFT CR Hester Group,TXN100443,29241.91,0.0
BNK00081,2026-06-28,NEFT CR Cook and Sons,TXN100079,24099.88,0.0
BNK00154,2026-08-10,NEFT CR Hamilton LLC,TXN100152,38240.16,0.0
BNK00149,2026-07-30,NEFT CR David-Gonzalez,TXN100147,7651.82,0.0
BNK00278,2026-07-08,"NEFT CR Smith, Garrison and ",TXN100269,43069.06,0.0
BNK00282,2026-07-06,"NEFT CR Fisher, Wilson and B",TXN100273,22894.42,0.0
BNK00034,2026-08-14,NEFT CR George Group,TXN100032,48903.57,0.0
BNK00178,2026-07-18,NEFT CR Wilson-Jones,TXN100176,47868.51,0.0
BNK00164,2026-08-09,"NEFT CR Joseph, West and Smi",TXN100162,30863.93,0.0
BNK00045,2026-07-26,NEFT CR Palmer LLC,TXN100044,25115.51,0.0
BNK00338,2026-06-27,NEFT CR Stout-Armstrong,TXN100330,36642.04,0.0
BNK00089,2026-07-09,NEFT CR Keith Inc,TXN100087,32234.8,0.0
BNK00232,2026-07-21,NEFT CR Francis Group,TXN100225,27168.06,0.0
BNK00038,2026-08-14,NEFT CR Anderson Group,TXN100037,47215.4,0.0
BNK00445,2026-07-09,NEFT CR Peck-Griffith,TXN100434,27707.92,0.0
BNK00063,2026-08-14,NEFT CR Brown PLC,TXN100061,3925.25,0.0
BNK00435,2026-08-03,"NEFT CR Fowler, Jimenez and ",TXN100425,28941.02,0.0
BNK00252,2026-07-06,NEFT CR Browning LLC,TXN100244,32274.33,0.0
BNK00421,2026-06-30,NEFT CR Sanders-Love,TXN100411,11080.99,0.0
BNK00314,2026-07-05,NEFT CR Jordan-Campbell,TXN100305,18684.63,0.0
BNK00110,2026-08-12,NEFT CR Leon-Moyer,TXN100109,44152.35,0.0
BNK00374,2026-06-24,NEFT CR Smith and Sons,TXN100364,6620.98,0.0
BNK00134,2026-08-05,"NEFT CR Martin, Mcdonald and",TXN100132,35156.44,0.0
BNK00135,2026-08-14,NEFT CR Meadows PLC,TXN100133,18184.37,0.0
BNK00061,2026-06-29,"NEFT CR Fitzgerald, Brown an",TXN100060,1898.5,0.0
BNK00288,2026-07-01,NEFT CR Franklin-Jones,TXN100279,16856.16,0.0
BNK00481,2026-08-09,NEFT CR Harris PLC,TXN100468,37593.09,0.0
BNK00419,2026-06-26,NEFT CR Spencer-Wood,TXN100409,5835.11,0.0
BNK00256,2026-07-05,NEFT CR Mccarty-Taylor,TXN100248,36656.0,0.0
BNK00405,2026-07-07,"NEFT CR Gregory, Kim and Mar",TXN100395,33088.34,0.0
BNK00014,2026-07-30,NEFT CR Chavez-Flowers,TXN100013,4307.5,0.0
BNK00059,2026-07-21,NEFT CR Horton-Cross,TXN100058,27231.1,0.0
BNK00128,2026-07-31,"NEFT CR Shah, Smith and Gilm",TXN100126,6028.41,0.0
BNK00143,2026-06-27,NEFT CR Gonzalez Inc,TXN100141,29873.28,0.0
BNK00161,2026-07-19,NEFT CR Ramirez-Carlson,TXN100159,43722.75,0.0
BNK00430,2026-08-16,NEFT CR Martinez-Turner,TXN100420,20000.76,0.0
BNK00490,2026-06-27,NEFT CR Butler and Sons,TXN100477,44342.27,0.0
BNK00272,2026-06-29,NEFT CR Hill-Donaldson,TXN100264,40601.73,0.0
BNK00071,2026-07-03,NEFT CR Medina PLC,TXN100069,39367.3,0.0
BNK00294,2026-07-05,NEFT CR Simmons-Ortega,TXN100285,48041.97,0.0
BNK00040,2026-08-04,NEFT CR Hickman Ltd,TXN100039,37708.65,0.0
BNK00471,2026-06-30,"NEFT CR Taylor, Clark and Ng",TXN100458,47145.35,0.0
BNK00191,2026-07-05,"NEFT CR Walker, Hernandez an",TXN100188,46314.56,0.0
BNK00190,2026-07-19,"NEFT CR Lawrence, Lara and G",TXN100187,6575.2,0.0
BNK00231,2026-08-10,"NEFT CR Johnson, Jones and W",TXN100224,6642.47,0.0
BNK00079,2026-08-12,NEFT CR King-Odonnell,TXN100077,14240.89,0.0
BNK00310,2026-07-24,"NEFT CR Nguyen, Pugh and Car",TXN100301,4828.32,0.0
BNK00513,2026-07-09,NEFT CR Bond-Ramos,TXN100499,5817.54,0.0
BNK00291,2026-07-03,"NEFT CR Wilson, Pena and Ric",TXN100282,24255.97,0.0
BNK00197,2026-08-18,"NEFT CR Sampson, Key and Cha",TXN100194,12196.41,0.0
BNK00186,2026-07-14,NEFT CR Guerrero-Moore,TXN100183,36888.5,0.0
BNK00188,2026-08-20,NEFT CR Carter-Hall,TXN100185,2447.74,0.0
BNK00331,2026-08-13,NEFT CR Webster-Wolf,TXN100323,40942.98,0.0
BNK00121,2026-08-12,NEFT CR Rivas-Kelley,TXN100119,42456.8,0.0
BNK00474,2026-07-19,"NEFT CR Washington, Bernard ",TXN100461,39709.08,0.0
BNK00065,2026-07-16,NEFT CR Wilson-Zamora,TXN100063,45664.05,0.0
BNK00018,2026-08-17,NEFT CR Cohen Inc,TXN100017,41641.99,0.0
BNK00225,2026-08-20,NEFT CR Kane-Sawyer,TXN100219,26303.87,0.0
BNK00360,2026-07-17,NEFT CR Young-Allen,TXN100350,2624.15,0.0
BNK00312,2026-06-28,"NEFT CR Miller, Ramos and Co",TXN100303,33864.61,0.0
BNK00510,2026-07-01,"NEFT CR Griffin, Padilla and",TXN100496,20874.96,0.0
BNK00016,2026-06-30,"NEFT CR Reid, Ferguson and S",TXN100015,9832.75,0.0
BNK00082,2026-07-19,NEFT CR Figueroa PLC,TXN100080,47262.39,0.0
BNK00348,2026-07-27,NEFT CR Ponce-Hale,TXN100340,3529.72,0.0
BNK00263,2026-06-30,"NEFT CR Colon, Blankenship a",TXN100255,44851.8,0.0
BNK00187,2026-07-10,"NEFT CR Jones, Smith and Hay",TXN100184,11384.31,0.0
BNK00208,2026-07-06,NEFT CR Kim-Wolfe,TXN100204,13977.61,0.0
BNK00327,2026-07-15,NEFT CR Maxwell-Jones,TXN100318,19734.83,0.0
BNK00344,2026-07-26,"NEFT CR Harper, Mccormick an",TXN100336,13177.85,0.0
BNK00039,2026-08-19,NEFT CR Baker PLC,TXN100038,33522.95,0.0
BNK00030,2026-07-19,"NEFT CR Peterson, Carter and",TXN100028,43171.87,0.0
BNK00328,2026-07-05,"NEFT CR Hicks, Bullock and B",TXN100319,37884.94,0.0
BNK00141,2026-08-15,NEFT CR Cooke LLC,TXN100139,28025.85,0.0
BNK00223,2026-07-24,"NEFT CR Kennedy, Mcintyre an",TXN100217,13622.88,0.0
BNK00506,2026-07-15,NEFT CR Bernard Group,TXN100492,34279.6,0.0
BNK00460,2026-07-25,"NEFT CR Flores, Long and Jen",TXN100447,39521.88,0.0
BNK00434,2026-08-18,NEFT CR Curtis-Wang,TXN100424,21698.13,0.0
BNK00382,2026-07-29,NEFT CR Ashley PLC,TXN100372,16124.69,0.0
BNK00180,2026-06-29,NEFT CR Hernandez PLC,TXN100178,31692.37,0.0
BNK00228,2026-07-08,NEFT CR Harrison LLC,TXN100221,37186.87,0.0
BNK00354,2026-07-15,NEFT CR Moore LLC,TXN100346,28796.34,0.0
BNK00086,2026-06-27,NEFT CR Clark-Wright,TXN100084,3819.81,0.0
BNK00219,2026-08-19,"NEFT CR Burns, Hernandez and",TXN100214,11172.39,0.0
BNK00511,2026-08-17,NEFT CR Brown PLC,TXN100497,15125.6,0.0
BNK00393,2026-07-21,NEFT CR Atkins-Williams,TXN100383,3717.9,0.0
BNK00229,2026-07-26,"NEFT CR Schwartz, Santos and",TXN100222,40830.91,0.0
BNK00157,2026-08-05,"NEFT CR Vargas, Morris and S",TXN100155,39142.67,0.0
BNK00152,2026-06-27,NEFT CR Patel-Stanley,TXN100150,32012.53,0.0
BNK00339,2026-07-12,NEFT CR Jacobs-Mason,TXN100331,23242.18,0.0
BNK00168,2026-07-23,NEFT CR Hall-Griffith,TXN100166,3596.51,0.0
BNK00395,2026-08-01,"NEFT CR Gonzales, Huber and ",TXN100385,39695.42,0.0
BNK00053,2026-08-07,NEFT CR Baxter Inc,TXN100052,46438.29,0.0
BNK00165,2026-07-24,NEFT CR Sullivan and Sons,TXN100163,35087.34,0.0
BNK00439,2026-07-27,"NEFT CR Thomas, Hensley and ",TXN100429,44353.67,0.0
BNK00459,2026-08-08,"NEFT CR Bryant, Obrien and R",TXN100446,7820.78,0.0
BNK00093,2026-07-13,NEFT CR Bailey-Hoover,TXN100091,45150.31,0.0
BNK00309,2026-07-31,NEFT CR Chavez-Moore,TXN100300,30835.69,0.0
BNK00221,2026-07-30,NEFT CR Cantu-Kane,TXN100215,21138.59,0.0
BNK00041,2026-07-13,"NEFT CR Collins, Carney and ",TXN100040,21513.21,0.0
BNK00218,2026-06-24,NEFT CR Barber-Monroe,TXN100213,22278.51,0.0
BNK00373,2026-08-08,"NEFT CR Guerra, Blake and Ha",TXN100363,16200.18,0.0
BNK00043,2026-06-26,"NEFT CR Spencer, Chapman and",TXN100042,37311.74,0.0
BNK00137,2026-08-07,NEFT CR Williams Group,TXN100135,24947.92,0.0
BNK00266,2026-08-15,NEFT CR Price LLC,TXN100258,48710.08,0.0
BNK00412,2026-07-14,"NEFT CR Mitchell, Hendricks ",TXN100402,20819.42,0.0
BNK00475,2026-07-22,NEFT CR David LLC,TXN100462,48440.27,0.0
BNK00355,2026-07-25,NEFT CR Romero PLC,TXN100346,5401.57,0.0
BNK00255,2026-08-09,NEFT CR Francis-Morgan,TXN100247,3358.69,0.0
BNK00501,2026-07-19,NEFT CR Young-Molina,TXN100487,45506.34,0.0
BNK00458,2026-08-01,"NEFT CR Williams, Williams a",TXN100445,9573.98,0.0
BNK00198,2026-07-21,"NEFT CR Williams, Avila and ",TXN100195,41533.94,0.0
BNK00226,2026-08-05,NEFT CR Fox Group,TXN100220,9717.62,0.0
BNK00381,2026-07-17,"NEFT CR Butler, Beck and Mil",TXN100371,44684.83,0.0
BNK00205,2026-08-12,NEFT CR Sandoval PLC,TXN100201,13489.62,0.0
BNK00224,2026-07-08,NEFT CR Hanna-Martinez,TXN100218,35427.97,0.0
BNK00189,2026-07-22,"NEFT CR Heath, Jones and Hal",TXN100186,10182.33,0.0
BNK00410,2026-07-12,NEFT CR Holmes-Mcintyre,TXN100400,3840.18,0.0
BNK00064,2026-07-01,NEFT CR Jones Inc,TXN100062,23937.81,0.0
BNK00140,2026-07-18,NEFT CR Ruiz Ltd,TXN100138,33062.46,0.0
BNK00170,2026-07-11,NEFT CR Robinson Group,TXN100168,19249.34,0.0
BNK00336,2026-07-29,NEFT CR Jones-Lin,TXN100328,24808.85,0.0
BNK00025,2026-08-12,NEFT CR Davis-Williams,TXN100024,27345.43,0.0
BNK00400,2026-07-24,NEFT CR Griffin-Robbins,TXN100390,25116.73,0.0
BNK00476,2026-07-22,"NEFT CR Clark, Bush and Stew",TXN100463,31741.1,0.0
BNK00147,2026-07-05,NEFT CR Oconnell Inc,TXN100145,31141.27,0.0
BNK00098,2026-07-19,NEFT CR Carpenter LLC,TXN100096,19874.34,0.0
BNK00332,2026-08-06,"NEFT CR Glass, Cunningham an",TXN100324,2385.22,0.0
BNK00386,2026-07-04,"NEFT CR Moss, Cook and Willi",TXN100376,21205.13,0.0
BNK00440,2026-07-27,NEFT CR Anderson-Wood,TXN100430,46718.6,0.0
BNK00479,2026-07-27,NEFT CR Roberts LLC,TXN100466,11487.53,0.0
BNK00243,2026-07-18,NEFT CR Bruce-Gonzalez,TXN100235,44506.59,0.0
BNK00492,2026-07-22,NEFT CR Smith PLC,TXN100479,38094.99,0.0
BNK00418,2026-07-13,NEFT CR Young Group,TXN100408,37148.53,0.0
BNK00204,2026-08-10,NEFT CR Cordova Group,TXN100200,48290.95,0.0
BNK00264,2026-08-02,NEFT CR Taylor Inc,TXN100256,37517.33,0.0
BNK00159,2026-08-08,"NEFT CR Bishop, Gray and Joh",TXN100157,30019.03,0.0
BNK00162,2026-07-20,"NEFT CR Smith, Vaughan and M",TXN100160,22173.2,0.0
BNK00022,2026-08-07,NEFT CR Baker and Sons,TXN100021,3932.79,0.0
BNK00103,2026-07-13,NEFT CR Reynolds-Rush,TXN100102,41708.29,0.0
BNK00406,2026-07-16,"NEFT CR Diaz, Reyes and Brad",TXN100396,45211.78,0.0
BNK00461,2026-07-23,"NEFT CR Rogers, Clayton and ",TXN100448,4555.91,0.0
BNK00104,2026-07-26,"NEFT CR Edwards, Charles and",TXN100103,44059.68,0.0
BNK00151,2026-07-23,"NEFT CR Burke, Martinez and ",TXN100149,20486.7,0.0
BNK00019,2026-07-16,NEFT CR Trujillo Group,TXN100018,13900.33,0.0
BNK00235,2026-07-22,NEFT CR Brooks-Thomas,TXN100228,21859.92,0.0
BNK00398,2026-07-01,NEFT CR Morrison-Short,TXN100388,46016.89,0.0
BNK00367,2026-07-20,NEFT CR Whitehead-Hernandez,TXN100357,39912.89,0.0
BNK00033,2026-08-12,"NEFT CR Gonzalez, Brooks and",TXN100031,43934.95,0.0
BNK00070,2026-07-01,NEFT CR Ellis PLC,TXN100068,5251.08,0.0
BNK00416,2026-07-23,NEFT CR Joseph Ltd,TXN100406,13612.73,0.0
BNK00094,2026-07-16,NEFT CR Johnson and Sons,TXN100092,22501.59,0.0
BNK00324,2026-07-12,"NEFT CR Stevens, Norris and ",TXN100315,41929.82,0.0
BNK00246,2026-08-01,NEFT CR Smith-Grimes,TXN100238,30807.84,0.0
BNK00357,2026-07-06,"NEFT CR Bennett, Martin and ",TXN100348,2072.67,0.0
BNK00238,2026-07-31,"NEFT CR Vega, Jimenez and Ag",TXN100230,4062.36,0.0
BNK00351,2026-08-14,NEFT CR Lucas Group,TXN100343,6120.06,0.0
BNK00399,2026-08-15,NEFT CR Morris-Miller,TXN100389,29560.01,0.0
BNK00426,2026-08-11,NEFT CR Guerra PLC,TXN100416,34497.79,0.0
BNK00090,2026-07-11,"NEFT CR Middleton, Patton an",TXN100088,45827.44,0.0
BNK00330,2026-07-10,"NEFT CR Hernandez, Malone an",TXN100322,36886.99,0.0
BNK00417,2026-07-10,NEFT CR Hicks-Martinez,TXN100407,29860.21,0.0
BNK00174,2026-07-20,NEFT CR Mccann PLC,TXN100172,43887.28,0.0
BNK00280,2026-06-26,NEFT CR Smith and Sons,TXN100271,34872.86,0.0
BNK00505,2026-07-24,"NEFT CR Wilson, Hendricks an",TXN100491,7157.02,0.0
BNK00483,2026-08-19,NEFT CR Sanchez Ltd,TXN100470,6832.2,0.0
BNK00069,2026-07-23,NEFT CR Stewart-Walton,TXN100067,3100.63,0.0
BNK00171,2026-07-20,"NEFT CR Lawrence, Wolf and C",TXN100169,1425.62,0.0
BNK00388,2026-08-08,"NEFT CR Mendoza, White and T",TXN100378,35449.37,0.0
BNK00377,2026-07-17,NEFT CR Fowler-Dean,TXN100367,11180.52,0.0
BNK00298,2026-07-06,"NEFT CR Brown, Frye and Hoff",TXN100289,47895.61,0.0
BNK00396,2026-07-12,NEFT CR Holt-Richardson,TXN100386,46688.76,0.0
BNK00054,2026-08-06,"NEFT CR Garcia, Pearson and ",TXN100053,41314.86,0.0
BNK00322,2026-07-24,"NEFT CR Patterson, Sullivan ",TXN100313,31397.96,0.0
BNK00337,2026-07-04,"NEFT CR Wheeler, Cruz and Ca",TXN100329,12857.38,0.0
BNK00376,2026-07-21,NEFT CR Turner Inc,TXN100366,25413.42,0.0
BNK00504,2026-08-08,NEFT CR Moore-Parks,TXN100490,40972.71,0.0
BNK00177,2026-08-09,NEFT CR Peterson-Sheppard,TXN100175,8468.44,0.0
BNK00495,2026-08-08,NEFT CR Lee-Rodriguez,TXN100482,23752.93,0.0
BNK00404,2026-07-29,"NEFT CR Owen, Shelton and Ci",TXN100394,47406.66,0.0
BNK00183,2026-07-15,"NEFT CR James, Kerr and Evan",TXN100181,13860.84,0.0
BNK00009,2026-07-03,NEFT CR James LLC,TXN100008,34296.62,0.0
BNK00383,2026-08-12,"NEFT CR Spencer, Myers and H",TXN100373,13758.05,0.0
BNK00130,2026-07-25,NEFT CR Castaneda-Ashley,TXN100128,35780.49,0.0
BNK00192,2026-07-07,NEFT CR Brown LLC,TXN100189,37704.54,0.0
BNK00199,2026-08-05,NEFT CR White-Richards,TXN100196,38385.13,0.0
BNK00326,2026-08-01,"NEFT CR Miller, Harrell and ",TXN100317,14672.0,0.0
BNK00023,2026-08-17,"NEFT CR Baker, Richards and ",TXN100022,35873.55,0.0
BNK00241,2026-07-09,NEFT CR Alexander LLC,TXN100233,37387.03,0.0
BNK00448,2026-07-02,NEFT CR Wagner-Levy,TXN100437,15779.25,0.0
BNK00200,2026-08-10,NEFT CR Harrison Group,TXN100197,32629.82,0.0
BNK00011,2026-07-06,NEFT CR Miller-Carter,TXN100010,4995.0,0.0
BNK00284,2026-08-11,NEFT CR Dougherty Inc,TXN100275,40594.93,0.0
BNK00491,2026-06-29,NEFT CR French-Lopez,TXN100478,45993.84,0.0
BNK00403,2026-06-29,NEFT CR Lambert Group,TXN100393,11428.66,0.0
BNK00260,2026-07-19,"NEFT CR James, Little and Wa",TXN100252,2416.73,0.0
BNK00279,2026-07-06,"NEFT CR King, Thompson and G",TXN100270,47459.62,0.0
BNK00270,2026-08-06,NEFT CR Sampson-Foley,TXN100262,22521.12,0.0
BNK00489,2026-07-02,"NEFT CR Andrews, Nichols and",TXN100476,11979.85,0.0
BNK00035,2026-07-04,NEFT CR Koch-Decker,TXN100034,7907.66,0.0
BNK00185,2026-08-20,"NEFT CR Choi, Garcia and Far",TXN100182,6357.5,0.0
BNK00269,2026-07-24,NEFT CR Vaughn and Sons,TXN100261,14340.71,0.0
BNK00044,2026-06-29,NEFT CR Jones Inc,TXN100043,42665.61,0.0
BNK00343,2026-08-01,NEFT CR Hardin-Hughes,TXN100335,6471.72,0.0
BNK00341,2026-07-27,"NEFT CR Miller, Lucas and Wi",TXN100333,47064.2,0.0
BNK00096,2026-07-21,NEFT CR May-Ross,TXN100094,6902.63,0.0
BNK00214,2026-08-11,NEFT CR Baird-Sanchez,TXN100209,21483.18,0.0
BNK00293,2026-08-03,NEFT CR Wilcox-Ross,TXN100284,18621.52,0.0
BNK00124,2026-07-21,NEFT CR Nelson LLC,TXN100122,11240.72,0.0
BNK00181,2026-07-23,NEFT CR Mcknight Inc,TXN100179,9298.36,0.0
BNK00315,2026-08-20,NEFT CR Rose-Parker,TXN100306,20358.57,0.0
BNK00001,2026-07-04,NEFT CR Figueroa and Sons,TXN100000,31573.05,0.0
BNK00220,2026-08-29,NEFT CR Cook-Hines,TXN100214,29287.0,0.0
BNK00150,2026-08-20,"NEFT CR Rivas, Sanchez and T",TXN100148,29934.73,0.0
BNK00074,2026-08-18,"NEFT CR Turner, Riggs and Ro",TXN100072,5210.71,0.0
BNK00368,2026-08-05,NEFT CR Potts and Sons,TXN100358,38559.99,0.0
BNK00248,2026-07-16,"NEFT CR Pham, Robinson and L",TXN100240,8062.6,0.0
BNK00017,2026-08-07,NEFT CR Nelson-Schaefer,TXN100016,11532.2,0.0
